School Id,First Name,Last Name,Email,Adusername
1,School 1 Teacher 1,School 1 Teacher last name 1,school1teacher1@yopmail.com,school1teacher1
1,School 1 Teacher 2,School 1 Teacher last name 2,school1teacher2@yopmail.com,school1teacher2
1,School 1 Teacher 3,School 1 Teacher last name 3,school1teacher3@yopmail.com,school1teacher3
1,School 1 Teacher 4,School 1 Teacher last name 4,school1teacher4@yopmail.com,school1teacher4
1,School 1 Teacher 5,School 1 Teacher last name 5,school1teacher5@yopmail.com,school1teacher5
1,School 1 Teacher 6,School 1 Teacher last name 6,school1teacher6@yopmail.com,school1teacher6
1,School 1 Teacher 7,School 1 Teacher last name 7,school1teacher7@yopmail.com,school1teacher7
1,School 1 Teacher 8,School 1 Teacher last name 8,school1teacher8@yopmail.com,school1teacher8
1,School 1 Teacher 9,School 1 Teacher last name 9,school1teacher9@yopmail.com,school1teacher9
1,School 1 Teacher 10,School 1 Teacher last name 10,school1teacher10@yopmail.com,school1teacher10
